allele,p.value,p.adjusted,estimate,std.error,conf.low,conf.high,statistic,Ntotal,Ntotal.percent,N(NeuropathDiagnosisConcensus=0),N(NeuropathDiagnosisConcensus=0).percent,N(NeuropathDiagnosisConcensus=1),N(NeuropathDiagnosisConcensus=1).percent
B*15:01,0.0034903117733748414,0.2757346300966125,7.1143356157712025,0.6717509845111398,2.1484237201049345,32.530414217242175,2.9208916614296148,19,7.85%,3,2.59%,16,12.70%
C*03:03,0.06721722945605714,1,2.8250753300739615,0.5674376399844315,0.976410477411924,9.421321095778413,1.8302187880668017,18,7.44%,5,4.31%,13,10.32%
B*07:02,0.09142183862209777,1,0.47466410169510825,0.441452770960298,0.19468600321517976,1.1128198148117385,-1.6879447325796861,30,12.40%,18,15.52%,12,9.52%
DRB1*08:01,0.09313464720385177,1,0.14354191428871693,1.1560601548375227,0.006955013963974229,1.0044022434505315,-1.679089269423287,6,2.48%,5,4.31%,1,0.79%
B*51:01,0.09993031131240268,1,3.161698369935236,0.6996810357305046,0.8776236166159654,14.966856761763841,1.6451915705532771,12,4.96%,3,2.59%,9,7.14%
A*31:01,0.10761461154909276,1,3.848921635085683,0.8376546840315136,0.8571431565731883,27.11340634086656,1.6090079121818386,9,3.72%,2,1.72%,7,5.56%
A*29:02,0.10919288349294912,1,0.2559619934124639,0.8507301424055387,0.03568310439452024,1.1921925829020246,-1.6018314631519068,8,3.31%,6,5.17%,2,1.59%
C*07:02,0.12431563533455119,1,0.5105795076092038,0.4373772165367768,0.2116351568559306,1.189680363763353,-1.536908836369717,31,12.81%,18,15.52%,13,10.32%
B*37:01,0.13802386034957936,1,5.2874353942558185,1.1228049004622487,0.7934184975343197,104.22021931079735,1.483190289810533,6,2.48%,1,0.86%,5,3.97%
C*15:02,0.166892280730221,1,3.2237320071304647,0.8468311271318905,0.6947728735894393,22.931946524794917,1.3822587046541925,8,3.31%,2,1.72%,6,4.76%
DRB1*04:04,0.16873114814564805,1,0.2953496009402122,0.8861457077761361,0.03914496252236667,1.5033715079679721,-1.376292324918535,7,2.89%,5,4.31%,2,1.59%
DQA1*04:01,0.17550309608176792,1,0.30176337106758017,0.8843907796423988,0.04001669299244351,1.5294006019951936,-1.3547315686970067,7,2.89%,5,4.31%,2,1.59%
DQB1*04:02,0.17550309608176792,1,0.30176337106758017,0.8843907796423988,0.04001669299244351,1.5294006019951936,-1.3547315686970067,7,2.89%,5,4.31%,2,1.59%
DQA1*01:03,0.17768619268633457,1,2.361703811867862,0.6375656059015121,0.7127533454258429,9.246668171719982,1.3479135398467734,13,5.37%,4,3.45%,9,7.14%
DQB1*06:03,0.17768619268633457,1,2.361703811867862,0.6375656059015121,0.7127533454258429,9.246668171719982,1.3479135398467734,13,5.37%,4,3.45%,9,7.14%
DRB1*01:01,0.21066066204388575,1,0.5498162053676461,0.47786764046572416,0.209023891031042,1.3867638996892537,-1.2517508573700444,23,9.50%,14,12.07%,9,7.14%
B*40:01,0.2127787604380793,1,0.33895076206480934,0.8683261658365005,0.046429789091548095,1.680007718317299,-1.245960872035965,7,2.89%,5,4.31%,2,1.59%
DRB1*13:03,0.22120892026630842,1,4.024257284352783,1.138165452887611,0.5676644562927269,80.42415720126758,1.2233198298933332,5,2.07%,1,0.86%,4,3.17%
A*11:01,0.22600661155001708,1,1.8798256460535792,0.5213297070642046,0.6904017549813556,5.477424190652502,1.210709887672884,19,7.85%,7,6.03%,12,9.52%
DPA1*02:02,0.23811289496592009,1,2.3391746751607325,0.7203408562063164,0.6100479050480221,11.362820650870876,1.1797167367515613,10,4.13%,3,2.59%,7,5.56%
A*32:01,0.24432084117971448,1,3.7710484543535188,1.1400882975591524,0.5287717169152419,75.4998440864973,1.1642546197876305,5,2.07%,1,0.86%,4,3.17%
DRB1*13:01,0.2466621605444081,1,2.1214987946118,0.6492241470998711,0.6200618017548389,8.44151927349592,1.1584948293167128,12,4.96%,4,3.45%,8,6.35%
DPB1*03:01,0.26491942962321663,1,0.583013991443533,0.4839659395270349,0.2192994615454097,1.491551367120461,-1.114838978960763,22,9.09%,13,11.21%,9,7.14%
C*07:01,0.2649651194802944,1,0.6020841640049819,0.4551388688917351,0.24133212458896225,1.458088236975025,-1.1147323834670972,27,11.16%,15,12.93%,12,9.52%
C*05:01,0.3210140227434599,1,0.64109378001916,0.44799493391837114,0.2618468551257257,1.535095034166395,-0.992376244508315,28,11.57%,16,13.79%,12,9.52%
C*06:02,0.3420497148466943,1,1.5908315198022458,0.4886281109998311,0.6159837315149438,4.264141035010177,0.9501230844269928,23,9.50%,9,7.76%,14,11.11%
B*08:01,0.35899584442260807,1,0.6373769347702439,0.4910103559356868,0.2371549084697874,1.6585623546978387,-0.917280172684382,22,9.09%,12,10.34%,10,7.94%
DQB1*03:01,0.41360271328565285,1,1.380030789445654,0.3939794457054004,0.6396462619587299,3.0172694800456785,0.8175700880435807,40,16.53%,17,14.66%,23,18.25%
DQB1*05:01,0.4224203140325895,1,0.7063520285532983,0.43334434352719714,0.2982446508409281,1.6492723887720435,-0.802229328569859,29,11.98%,16,13.79%,13,10.32%
B*27:05,0.4287567197458163,1,0.6097123668203541,0.6252430900030648,0.16811863835963717,2.0593704239324566,-0.7913209609724589,12,4.96%,7,6.03%,5,3.97%
C*07:04,0.4383221982265445,1,2.00426249731267,0.8970963245776449,0.36729078490752354,15.107847523350028,0.7750295506504483,6,2.48%,2,1.72%,4,3.17%
DQB1*03:02,0.45933266532983974,1,1.4096227545676767,0.4639825682778234,0.5713383892827493,3.5820886554189157,0.7399461577069995,25,10.33%,10,8.62%,15,11.90%
DQA1*05:01,0.46932131650378817,1,1.3178974558234422,0.38148676998955255,0.6250674338880521,2.8039659433611264,0.723583756772758,46,19.01%,20,17.24%,26,20.63%
DQA1*03:01,0.47485559046294396,1,0.757174804933027,0.3892537393575235,0.35021571967694554,1.620985167330314,-0.7146010585588201,43,17.77%,22,18.97%,21,16.67%
C*03:04,0.49314703663206544,1,1.522988439101986,0.6138437080649004,0.46435311172478627,5.4234307966313535,0.6853120386920452,13,5.37%,5,4.31%,8,6.35%
DRB1*11:01,0.5046094461404721,1,1.4632172404754067,0.5704532188485459,0.48342218046850755,4.705247072935933,0.6672547163693396,15,6.20%,6,5.17%,9,7.14%
B*18:01,0.530330165485351,1,0.6523141292693594,0.6808408216730699,0.15725030936683304,2.446500187412495,-0.6275020917119373,10,4.13%,6,5.17%,4,3.17%
DPB1*02:01,0.5395571621487311,1,1.331662064547837,0.4668881370896118,0.5358903762282536,3.398474345300349,0.6134827850213139,25,10.33%,10,8.62%,15,11.90%
A*25:01,0.5578745365407698,1,0.670502097645504,0.682128762364839,0.1613593969273191,2.522550056969627,-0.5860014557955299,10,4.13%,6,5.17%,4,3.17%
C*12:03,0.5596974653805552,1,0.6714778935470237,0.6828053757765717,0.16140425958445076,2.5294342744938336,-0.5832909328078798,10,4.13%,6,5.17%,4,3.17%
C*04:01,0.5966493180980186,1,1.3052198009049794,0.503323566222041,0.4870149833002651,3.578433393164863,0.5292250835850658,20,8.26%,9,7.76%,11,8.73%
DQA1*01:01,0.6019582505811839,1,0.8032638380765617,0.42001095685258516,0.3499160239909035,1.8327800878229412,-0.5215865204271565,32,13.22%,17,14.66%,15,11.90%
A*68:01,0.6070673640023475,1,1.3811883205739575,0.6279735184215576,0.4054651177044398,5.022871367086419,0.5142640908019853,12,4.96%,5,4.31%,7,5.56%
DQB1*02:02,0.607920191988218,1,0.7912564719557403,0.45636026811062685,0.31946582465779394,1.940051731689267,-0.513044501265625,25,10.33%,13,11.21%,12,9.52%
DPB1*11:01,0.6114119536913061,1,0.621528848117435,0.9360584775241212,0.07910202697491645,3.9139854267625775,-0.508059019393567,5,2.07%,3,2.59%,2,1.59%
DQB1*06:02,0.6269124260982837,1,0.8203343933593276,0.40743162178623465,0.3666099585205453,1.8256848165354886,-0.4860772077592576,35,14.46%,18,15.52%,17,13.49%
DRB1*15:01,0.6269124260982837,1,0.8203343933593276,0.40743162178623465,0.3666099585205453,1.8256848165354886,-0.4860772077592576,35,14.46%,18,15.52%,17,13.49%
B*14:02,0.6329641035907114,1,1.4620261890786383,0.7953431049495562,0.30433717297240387,7.820516968625173,0.47755902074202383,7,2.89%,3,2.59%,4,3.17%
B*44:03,0.6331210399860417,1,0.6856674075372252,0.7905554047199849,0.12925628999500602,3.2676900469950776,-0.47733858403038637,7,2.89%,4,3.45%,3,2.38%
B*44:02,0.6411945743660199,1,1.232884732166605,0.44923519443303506,0.5117465492637945,3.0170419371054367,0.4660292353196382,27,11.16%,12,10.34%,15,11.90%
A*24:02,0.6487148269232512,1,0.7842396038887486,0.5335124454801063,0.2689270860364421,2.2419425712714385,-0.45554830103242705,17,7.02%,9,7.76%,8,6.35%
DPA1*02:01,0.6660486577087593,1,1.1991791682567485,0.4208685097809026,0.5258990025136541,2.7658595760086646,0.4315773028088277,32,13.22%,14,12.07%,18,14.29%
C*16:01,0.6682909497884688,1,0.7119133272056094,0.7930064504788651,0.13362598814948523,3.4075451254143085,-0.42849475717081564,7,2.89%,4,3.45%,3,2.38%
C*08:02,0.6736899222179539,1,1.3458641604090642,0.7053999025538233,0.3342005606917238,5.773252110826202,0.4210892347873252,9,3.72%,4,3.45%,5,3.97%
DRB1*13:02,0.6776461472530693,1,0.6760268273086493,0.9418905231870546,0.08527504301875478,4.302973446895241,-0.41567730932678437,5,2.07%,3,2.59%,2,1.59%
DRB1*01:03,0.7113510654119799,1,1.4156750154430542,0.9393698409574666,0.22330064265110114,11.174987504228291,0.37004217604871664,5,2.07%,2,1.72%,3,2.38%
DPB1*04:02,0.7384377470038355,1,0.8622787082021356,0.44374536134605974,0.35805244533085995,2.0649553420994162,-0.3339228893510671,27,11.16%,14,12.07%,13,10.32%
A*01:01,0.77255051033932,1,1.122871315253893,0.40094431285340226,0.5108791313130375,2.4788404105674298,0.2890403363219838,38,15.70%,17,14.66%,21,16.67%
DQB1*03:03,0.773164855646594,1,1.1720596398835048,0.5508045016141947,0.3972753092228928,3.5604263746986873,0.28823761728063385,16,6.61%,7,6.03%,9,7.14%
DQB1*05:03,0.7771959367633163,1,0.7651796140462278,0.9458242021867979,0.09601027325660216,4.908037227707381,-0.2829750840511851,5,2.07%,3,2.59%,2,1.59%
DRB1*14:01,0.7771959367633163,1,0.7651796140462278,0.9458242021867979,0.09601027325660216,4.908037227707381,-0.2829750840511851,5,2.07%,3,2.59%,2,1.59%
DPB1*05:01,0.825904722138875,1,1.1679570865525464,0.705848024658342,0.28913420956741775,5.007562813745141,0.21995689913694083,9,3.72%,4,3.45%,5,3.97%
A*03:01,0.8509829583957376,1,1.081871268502185,0.4188776695615096,0.4756149450799417,2.4805614813558257,0.1878643899117874,32,13.22%,15,12.93%,17,13.49%
DPB1*01:01,0.8600083550893365,1,1.1337448226067026,0.7117466772951218,0.27610052226178683,4.900283017184532,0.17636352909229028,9,3.72%,4,3.45%,5,3.97%
C*02:02,0.8836728705087731,1,0.9068622833470453,0.6681803034841337,0.2361443329237594,3.4754500037046117,-0.14631481567222174,10,4.13%,5,4.31%,5,3.97%
DQA1*02:01,0.8990559195330173,1,1.051497870596488,0.3958540783820338,0.48291984234162333,2.2954122707317,0.12685404493868618,39,16.12%,18,15.52%,21,16.67%
DRB1*07:01,0.8990559195330173,1,1.051497870596488,0.3958540783820338,0.48291984234162333,2.2954122707317,0.12685404493868618,39,16.12%,18,15.52%,21,16.67%
DPB1*04:01,0.9058047751140114,1,1.0506160173142935,0.4172731454189333,0.46195231814098814,2.3937915611679523,0.11833178299803539,87,35.95%,42,36.21%,45,35.71%
DQB1*02:01,0.9126050907536937,1,0.9508314935184589,0.4593798726296578,0.38367648714028124,2.358934937175471,-0.10975322139645877,25,10.33%,12,10.34%,13,10.32%
DRB1*03:01,0.9126050907536937,1,0.9508314935184589,0.4593798726296578,0.38367648714028124,2.358934937175471,-0.10975322139645877,25,10.33%,12,10.34%,13,10.32%
DRB1*04:01,0.9171387638376777,1,1.0455436099433804,0.42808127611448943,0.45078194136087707,2.4406762169973346,0.10403854021878571,30,12.40%,14,12.07%,16,12.70%
DPA1*01:03,0.9177973728392145,1,1.159962387223551,1.4377436010241915,0.04448782085078853,30.259543571102007,0.10320865255779174,119,49.17%,57,49.14%,62,49.21%
C*01:02,0.9213191601036449,1,0.9409635848505079,0.6160726678392594,0.27407058090082254,3.2295645557515367,-0.0987721768460454,12,4.96%,6,5.17%,6,4.76%
B*55:01,0.9575917786744067,1,0.955940567071957,0.8473680514147105,0.16757746741996746,5.437231651224488,-0.05317587336790831,6,2.48%,3,2.59%,3,2.38%
B*35:03,0.9742638879677431,1,1.0276460210332126,0.8453162127509298,0.18108905421351076,5.831198703563128,0.03226102824896732,6,2.48%,3,2.59%,3,2.38%
DQA1*01:02,0.9768062713751755,1,0.9887282300035458,0.3899057487019859,0.4597192464129377,2.133016365314947,-0.02907312312253066,41,16.94%,20,17.24%,21,16.67%
B*35:01,0.9839652609894464,1,1.012506344270944,0.618411614202764,0.2938923298941747,3.4914464484542163,0.020097918021090958,12,4.96%,6,5.17%,6,4.76%
B*57:01,0.9863813264849107,1,1.0103225939150489,0.6016460442666307,0.30632167119620074,3.394025745909481,0.017069304900494735,13,5.37%,6,5.17%,7,5.56%
A*02:01,0.9955801903997191,1,0.9979595449388529,0.36872685587922366,0.4836546068117327,2.061056388790388,-0.005539438186101071,58,23.97%,28,24.14%,30,23.81%
