"","aa_pos","residues","df","statistic","p.value","p.adjusted"
"1","B_9","H, Y, D",3,16.7334325590942,0.000801792739614133,0.198042806684691
"2","B_156","L, D, W, R",4,15.5008583658633,0.0037675647758494,0.930588499634801
"3","B_45","K, T, E, M",4,13.3008833746249,0.00989546899147116,1
"4","C_21","H, R",2,8.32141248238574,0.015596539111086,1
"5","C_94","I, T",2,8.16420125484271,0.0168719866438653,1
"6","DQB1_28","S, T",2,7.82442276656687,0.0199962327977341,1
"7","DQB1_37","I, Y",2,7.82442276656687,0.0199962327977341,1
"8","DQB1_46","E, V",2,7.82442276656687,0.0199962327977341,1
"9","DQB1_47","F, Y",2,7.82442276656687,0.0199962327977341,1
"10","DQB1_52","L, P",2,7.82442276656687,0.0199962327977341,1
"11","C_95","I, F, L",3,9.74436629304824,0.0208689031548251,1
"12","B_80","N, T, I",3,9.14177765463316,0.0274640736315479,1
"13","B_177","D, E",2,7.15685568874525,0.0279195576589963,1
"14","B_180","E, Q",2,7.15685568874525,0.0279195576589963,1
"15","B_82","R, L",2,6.78143555589173,0.0336844902360748,1
"16","B_83","G, R",2,6.78143555589173,0.0336844902360748,1
"17","B_46","E, A",2,6.68173569494644,0.0354062171883578,1
"18","A_152","V, A, E",3,8.56112303631079,0.035732588149056,1
"19","B_32","L, Q",2,6.41907739740711,0.0403752341246352,1
"20","A_73","I",1,4.11822787028228,0.0424234953762549,1
"21","C_97","R, W",2,6.15139088827428,0.0461575172424714,1
"22","B_131","R, S",2,5.97427027147427,0.0504317099668856,1
"23","B_24","T, S, A",3,7.58241900288354,0.055478146421725,1
"24","B_12","M, V",2,5.75134762120436,0.056378138515018,1
"25","DQB1_9","Y, F, *",3,6.91898004110621,0.074525481594252,1
"26","C_103","V, L",2,5.16208019609383,0.0756952326013567,1
"27","C_173","K, E",2,5.16208019609383,0.0756952326013567,1
"28","DQB1_66","D, E",2,4.98257867412599,0.0828031365671195,1
"29","DQB1_67","I, V",2,4.98257867412599,0.0828031365671195,1
"30","B_99","S",1,2.88950783932239,0.0891581578255894,1
"31","B_41","T, A",2,4.70029309116094,0.0953551873103189,1
"32","B_178","K, T",2,4.67883681487589,0.0963836779629742,1
"33","C_163","L, T, E",3,6.20522637846031,0.102041402248587,1
"34","C_152","E, A",2,4.5554934281044,0.10251494214003,1
"35","DQA1_75","I, S",2,4.52376088146471,0.104154444231851,1
"36","C_91","G, R",2,4.48980702344971,0.105937761632314,1
"37","A_74","H, D",2,4.44749340540815,0.108202944147521,1
"38","A_107","W, G",2,4.44749340540815,0.108202944147521,1
"39","B_167","W, S",2,4.42234417784402,0.109572144924178,1
"40","C_116","Y, F, S, L",4,7.45964140834789,0.113502160331642,1
"41","A_105","S, P",2,4.20471052990089,0.122168350302681,1
"42","DPB1_57","E, D",2,4.09042584932681,0.12935264467661,1
"43","C_147","W, L",2,4.06591053422645,0.130947962553695,1
"44","C_113","H",1,2.18165074715671,0.139664589977893,1
"45","A_17","S",1,2.12149698356879,0.145244518134854,1
"46","B_77","S, N, D",3,5.38333222410517,0.145785571788465,1
"47","A_63","E, N, Q",3,5.37209810284864,0.146491876981362,1
"48","A_90","A, D",2,3.77384094488968,0.151537755714382,1
"49","A_163","T, R",2,3.77384094488968,0.151537755714382,1
"50","DQB1_56","L",1,2.05376843828574,0.15182997641918,1
"51","B_11","A, S",2,3.75496959478662,0.152974383854689,1
"52","DQA1_130","A, S, *",3,5.1723393038163,0.159603923430076,1
"53","DQA1_41","K",1,1.94597657311076,0.163021073836637,1
"54","DPB1_9","Y, F, H",3,5.0020342449163,0.171648247478892,1
"55","C_73","T, A",2,3.47178367372717,0.176242950216108,1
"56","B_163","E, L, T",3,4.92931417625712,0.177046886887074,1
"57","DRB1_58","A, E",2,3.34265777855745,0.187997072275008,1
"58","B_143","S",1,1.71716094588464,0.190058904100195,1
"59","B_147","L",1,1.71716094588464,0.190058904100195,1
"60","DQA1_54","F, L",2,3.26058578098085,0.195872196620928,1
"61","DRB1_14","K, E",2,3.26058578098082,0.195872196620931,1
"62","DRB1_25","Q, R",2,3.26058578098082,0.195872196620931,1
"63","A_109","L",1,1.65859676202174,0.197792892769912,1
"64","DRB1_78","V, Y",2,3.13714467732049,0.208342412542331,1
"65","DRB1_70","D, Q, R",3,4.446595615299,0.217103589228694,1
"66","DPA1_11","M",1,1.50038559312037,0.220612041655119,1
"67","A_66","K, N",2,2.88266683022928,0.236612046162318,1
"68","A_116","Y, D, H",3,4.17464680721295,0.243212510173496,1
"69","C_90","A, D",2,2.80510587327248,0.245968220430632,1
"70","DQB1_38","V, A",2,2.77465954110582,0.249741281604593,1
"71","DQA1_26","T, S",2,2.74109714595869,0.253967601568433,1
"72","B_74","Y, D",2,2.70748340839614,0.25827207274028,1
"73","DRB1_73","G, A",2,2.64730403468081,0.266161498466788,1
"74","DQA1_40","E, G",2,2.58622043517494,0.27441596108917,1
"75","DQA1_51","F, L",2,2.58622043517494,0.27441596108917,1
"76","A_114","H, R, Q, E",4,5.04706845675207,0.282501985436388,1
"77","DQA1_34","Q, E",2,2.4832925746656,0.288908200305157,1
"78","B_81","L, A",2,2.44091155704416,0.295095638014883,1
"79","A_44","R, K",2,2.27417658766649,0.320751597869227,1
"80","A_67","V, M",2,2.27417658766649,0.320751597869227,1
"81","A_150","A, V",2,2.27417658766649,0.320751597869227,1
"82","A_158","A, V",2,2.27417658766649,0.320751597869227,1
"83","C_99","Y, C, F, S",4,4.6250930525373,0.327971262295569,1
"84","DQB1_75","V, L, *",3,3.44035663727311,0.32858044935711,1
"85","A_62","G, Q, R, E, L",5,5.75550509609923,0.33074090533345,1
"86","B_152","V, E",2,2.17613905618819,0.336866177098138,1
"87","A_95","V, I, L",3,3.36899065101855,0.338155280238909,1
"88","A_9","F, Y, T, S",4,4.49483712896077,0.343160101806223,1
"89","DPB1_65","I, L",2,2.02744449204926,0.362865786943046,1
"90","B_171","Y, H",2,2.0047691700569,0.367003246459334,1
"91","DRB1_67","I, L, F",3,3.11770007661519,0.373831730883812,1
"92","DQB1_116","V, *",2,1.94081263865903,0.378929040625722,1
"93","DQB1_125","A, *",2,1.94081263865903,0.378929040625722,1
"94","DQB1_126","Q, *",2,1.94081263865903,0.378929040625722,1
"95","DQB1_135","G, *",2,1.94081263865903,0.378929040625722,1
"96","DQA1_25","F, Y",2,1.93746952316565,0.379562972077934,1
"97","A_79","G, R",2,1.90939839844924,0.384927913755296,1
"98","A_80","T, I",2,1.90939839844924,0.384927913755296,1
"99","A_81","L, A",2,1.90939839844924,0.384927913755296,1
"100","A_82","R, L",2,1.90939839844924,0.384927913755296,1
"101","A_83","G, R",2,1.90939839844924,0.384927913755296,1
"102","B_69","T, A",2,1.89955151034363,0.386827757853365,1
"103","B_71","T, A",2,1.89955151034363,0.386827757853365,1
"104","B_62","R, G",2,1.82051563879656,0.402420458857314,1
"105","B_65","Q, R",2,1.82051563879656,0.402420458857314,1
"106","B_66","I, N",2,1.82051563879656,0.402420458857314,1
"107","A_156","L, R, W, Q",4,4.02380730775243,0.402793469159543,1
"108","B_116","Y, D, S, L, F",5,4.9499320171814,0.422021100462175,1
"109","DQB1_74","A, E, S, *",4,3.82900321965769,0.429642084308306,1
"110","B_103","V, L",2,1.67466561808212,0.432863514774573,1
"111","DQB1_77","R, T, *",3,2.69207965836765,0.441574951933545,1
"112","A_151","H, R",2,1.60325412162283,0.448598473006158,1
"113","C_24","A, S",2,1.59689760661007,0.450026502591131,1
"114","DRB1_32","Y, H",2,1.59065359172769,0.451433684153634,1
"115","DRB1_33","N, H",2,1.57531853505526,0.454908368817032,1
"116","DRB1_10","Q, Y",2,1.53388208650389,0.464431573728229,1
"117","DRB1_12","K, T",2,1.53388208650389,0.464431573728229,1
"118","A_142","T, I",2,1.51818115919536,0.468091925849448,1
"119","A_145","H, R",2,1.51818115919536,0.468091925849448,1
"120","DPB1_33","E, Q",2,1.50113444679346,0.472098691356272,1
"121","DRB1_47","Y, F",2,1.37229156273827,0.503512983143671,1
"122","B_70","N, Q, K, S",4,3.31439168610555,0.506655258260821,1
"123","B_63","E, N",2,1.3402304782519,0.511649612334927,1
"124","DRB1_77","T, N",2,1.33674161517993,0.512542928992398,1
"125","DQB1_71","K, T, A, *, D",5,4.21160146342442,0.519370166402764,1
"126","B_30","G",1,0.400738428962939,0.526708147658406,1
"127","B_114","N, D, H",3,2.22260532251852,0.52750956337395,1
"128","B_67","S, F, Y, C, M",5,4.13735983822878,0.529813914603228,1
"129","A_161","E, D",2,1.26661324490971,0.530833629405217,1
"130","DQA1_218","Q, *, R",3,2.15641789312912,0.540583620599992,1
"131","DQB1_55","L, P, R",3,2.1430483013626,0.543253008910212,1
"132","B_95","L, I, W",3,2.09741011666338,0.552436892054346,1
"133","A_144","K, Q",2,1.14663998370423,0.563651012113102,1
"134","B_113","H, Y",2,1.12970180456264,0.568444894276484,1
"135","A_97","R, I, M",3,2.00376317593282,0.571626010722706,1
"136","DQA1_175","Q, E, *",3,1.9007076501255,0.593268694718897,1
"137","C_114","D, N",2,1.01578609227175,0.601762129105406,1
"138","DRB1_31","F, I",2,0.964015659285423,0.617542226610758,1
"139","A_56","R",1,0.246426883534866,0.619602332433512,1
"140","DPA1_31","M, Q",2,0.951505736457676,0.621417035165308,1
"141","DPA1_50","Q, R",2,0.951505736457676,0.621417035165308,1
"142","DPA1_83","T, A",2,0.951505736457676,0.621417035165308,1
"143","A_149","T",1,0.243450149872501,0.621725264766588,1
"144","B_97","R, S, T, N, W, V",6,4.37573620810497,0.6259686022576,1
"145","DPB1_11","G, L",2,0.89523615251619,0.639148743502649,1
"146","A_65","G",1,0.208115306963947,0.648248634471659,1
"147","A_99","F",1,0.208115306963947,0.648248634471659,1
"148","C_66","K, N",2,0.856749951056031,0.651567047288083,1
"149","C_177","E, K",2,0.854605073162332,0.65226618799193,1
"150","DQB1_26","L, Y, G",3,1.593554655632,0.660852139842157,1
"151","C_156","L, D, W, R, Q",5,3.19114068992451,0.67054466586663,1
"152","DRB1_16","Y",1,0.172799309955906,0.677635861557219,1
"153","DRB1_9","W, E",2,0.722901275545695,0.69666498416195,1
"154","A_127","K, N",2,0.698498438319007,0.70521735469114,1
"155","A_77","D, N, S",3,1.39078900031095,0.70769525427254,1
"156","DQB1_45","G, E",2,0.688740713756346,0.708666419958711,1
"157","DPB1_205","*, V",1,0.118417914450731,0.73075676367861,1
"158","DRB1_28","E, D",2,0.62385661978908,0.73203400594231,1
"159","DRB1_74","Q, A, R, E, L",5,2.75335062692622,0.73794738133394,1
"160","A_76","V, A, E",3,1.22539235860376,0.746920838352965,1
"161","DPB1_8","V, L",2,0.520200091456985,0.770974449244615,1
"162","DPB1_76","V, M",2,0.513333592752616,0.773625945792962,1
"163","C_77","S, N",2,0.50303787971788,0.777618729481248,1
"164","C_80","N, K",2,0.50303787971788,0.777618729481248,1
"165","DQB1_14","M, L, *",3,1.0816370122887,0.781508728776853,1
"166","DQA1_129","H, Q, *",3,1.05258518553529,0.78853073819595,1
"167","A_166","E, D",2,0.462317999638373,0.793613271636371,1
"168","A_167","W, G",2,0.462317999638373,0.793613271636371,1
"169","DQB1_13","G, A, *",3,1.01368428027595,0.797940813007997,1
"170","DQA1_69","A, L, T",3,0.949497955032882,0.813469308980097,1
"171","C_35","R, Q",2,0.41180278523592,0.813913330188739,1
"172","C_138","T, K",2,0.41180278523592,0.813913330188739,1
"173","DRB1_86","G, V",2,0.391786672339492,0.822099918327907,1
"174","B_158","T",1,0.0451249935451017,0.831774358220148,1
"175","DQB1_57","A, D, V",3,0.832693331979868,0.841632288359477,1
"176","A_70","H, Q",2,0.33843395414516,0.844325684194311,1
"177","DRB1_30","L, Y, C",3,0.814649825265548,0.845959874950126,1
"178","C_14","R, W",2,0.332770877114967,0.846719812822503,1
"179","C_49","A, E",2,0.332770877114967,0.846719812822503,1
"180","DQB1_30","S, Y, H",3,0.784572733070064,0.853153361570489,1
"181","DPB1_56","A, E",2,0.304696986778879,0.858688981158671,1
"182","DRB1_71","R, K, E, A",4,1.23807319434781,0.871791213386215,1
"183","DQA1_56","G, R, .",3,0.677943231916856,0.878379248675032,1
"184","DQA1_76","M, V, L",3,0.677943231916856,0.878379248675032,1
"185","DPB1_69","K, E, R",3,0.669610597236442,0.880327479286579,1
"186","DPB1_84","D, G",2,0.247790661669796,0.883472308352326,1
"187","DPB1_85","E, G",2,0.247790661669796,0.883472308352326,1
"188","DPB1_86","A, P",2,0.247790661669796,0.883472308352326,1
"189","DPB1_87","V, M",2,0.247790661669796,0.883472308352326,1
"190","C_16","S",1,0.0214045370823897,0.883682280579021,1
"191","DPB1_36","A, V",2,0.225379902168186,0.893427623443797,1
"192","DQB1_70","R, G, *, E",4,1.0722593789144,0.898648217734792,1
"193","DRB1_37","F, Y, N, S",4,1.04279574313307,0.903238801550008,1
"194","DQA1_50","E, L, V",3,0.569465455449716,0.903385570862547,1
"195","DQA1_53","K, R, Q",3,0.569465455449716,0.903385570862547,1
"196","C_11","A, S",2,0.201123799162389,0.90432913308564,1
"197","DRB1_60","S, Y, H",3,0.564311238315611,0.904551635493911,1
"198","DRB1_13","Y, H, S, F, R, G",6,2.03696283956756,0.916267916647142,1
"199","C_6","K",1,0.0097549974626645,0.921322960326126,1
"200","DRB1_11","G, V, S, L, P",5,1.21891058520731,0.943050335589268,1
"201","DQA1_47","R, Q, K, C",4,0.715547320744804,0.949397869962916,1
"202","C_9","Y, D, F, S",4,0.707842860243147,0.950358226165328,1
"203","DQB1_87","L, F, Y, *",4,0.70494483649415,0.950717724766619,1
"204","DQA1_11","C, Y",2,0.0858133725161849,0.958000780533868,1
"205","DQA1_18","F, S",2,0.0858133725161849,0.958000780533868,1
"206","DQA1_45","A, V",2,0.0858133725161849,0.958000780533868,1
"207","DQA1_48","W, L",2,0.0858133725161849,0.958000780533868,1
"208","DQA1_55","G, R",2,0.0858133725161849,0.958000780533868,1
"209","DQA1_61","G, F",2,0.0858133725161849,0.958000780533868,1
"210","DQA1_64","R, T",2,0.0858133725161849,0.958000780533868,1
"211","DQA1_66","M, I",2,0.0858133725161849,0.958000780533868,1
"212","DQA1_80","Y, S",2,0.0858133725161849,0.958000780533868,1
"213","DQB1_53","L, Q",2,0.0858133725161849,0.958000780533868,1
"214","DQB1_86","E, A, *, G",4,0.486647426229098,0.974787767928435,1
"215","DQB1_84","Q, E, *",3,0.190719266849896,0.979073435304992,1
"216","DQB1_85","L, V, *",3,0.190719266849896,0.979073435304992,1
"217","DQB1_89","T, G, *",3,0.190719266849896,0.979073435304992,1
"218","DQB1_90","T, I, *",3,0.190719266849896,0.979073435304992,1
"219","B_94","T, I",2,0.0241548639354221,0.987995207486983,1
"220","DRB1_26","F, Y, L",3,0.108804699647521,0.990760287809677,1
"221","DPB1_35","Y, F, L",3,0.0716074895116492,0.99501177579483,1
"222","DRB1_57","V, D, A, S",4,0.188473204178109,0.995829073579698,1
"223","DQA1_207","V, *, M",3,0.0483435479150103,0.997213643432102,1
"224","DPB1_55","A, D, E",3,0.0345451853066265,0.998309933838626,1
"225","DQA1_52","S, R, H",3,0.0207271135566032,0.999211270389678,1
"226","B_-16","*",0,0,1,1
"227","B_-11","*",0,0,1,1
"228","B_-8","*",0,0,1,1
"229","B_199","*",0,0,1,1
"230","B_282","*",0,0,1,1
"231","B_306","*",0,0,1,1
"232","B_326","*",0,0,1,1
"233","DPB1_96","*",0,0,1,1
"234","DPB1_170","*",0,0,1,1
"235","A_12","V",NA,NA,NA,NA
"236","A_43","Q",NA,NA,NA,NA
"237","A_102","D",NA,NA,NA,NA
"238","A_171","Y",NA,NA,NA,NA
"239","B_4","S",NA,NA,NA,NA
"240","B_109","L",NA,NA,NA,NA
"241","B_145","R",NA,NA,NA,NA
"242","C_143","T",NA,NA,NA,NA
"243","C_170","R",NA,NA,NA,NA
"244","DPA1_28","E",NA,NA,NA,NA
"245","DRB1_38","V",NA,NA,NA,NA
"246","DRB1_40","F",NA,NA,NA,NA
"247","DRB1_85","V",NA,NA,NA,NA
