allele,p.value,p.adjusted,estimate,std.error,conf.low,conf.high,statistic,Ntotal,Ntotal.percent,N(AD=0),N(AD=0).percent,N(AD=1),N(AD=1).percent
A*02:01,0.009943540813136816,0.6761607752933034,1.3194685044899728,0.10754537095005706,1.0689981436215499,1.6297011297149862,2.577786518853021,654,23.08%,269,21.18%,385,24.62%
DQB1*03:01,0.022453807825489825,1,1.3030792420327355,0.1159773282470007,1.0388072759210234,1.6370277055035183,2.282602258236851,446,15.74%,180,14.17%,266,17.01%
DQB1*03:02,0.030302540757472317,1,0.7500325040225714,0.13279026225502302,0.5779713882062855,0.9730479534013166,-2.1661131607806037,285,10.06%,144,11.34%,141,9.02%
B*27:05,0.04481299777451657,1,1.5084507042252822,0.20488534959725277,1.0151197769146099,2.271397919733785,2.0064055395879477,112,3.95%,40,3.15%,72,4.60%
DRB1*04:01,0.08462769138354832,1,1.2427685437856666,0.12603573518199523,0.9716335902858871,1.5929312804791944,1.7244441597546862,341,12.03%,139,10.94%,202,12.92%
A*24:02,0.10791142582781972,1,0.783823530964694,0.15150752671439568,0.582222484548474,1.0551516961546503,-1.607651958323081,204,7.20%,102,8.03%,102,6.52%
DPB1*02:01,0.12118115773875253,1,1.2198262152844042,0.12821262915581386,0.9496583351853615,1.570289836419985,1.5498348596301044,324,11.43%,133,10.47%,191,12.21%
DQB1*06:02,0.15090208646973047,1,0.8404970949118803,0.12097433805131028,0.6630767999698397,1.0656453323644444,-1.4363524142335755,373,13.16%,179,14.09%,194,12.40%
DQA1*01:02,0.16021357558328322,1,0.8544137104826507,0.11203714086425373,0.6859499785877621,1.0643581031223284,-1.404353616827638,492,17.36%,233,18.35%,259,16.56%
DPB1*01:01,0.1686964748538661,1,0.8059038062482207,0.15677870174720282,0.5925172276290426,1.0963418689399687,-1.376404373040829,188,6.63%,93,7.32%,95,6.07%
DQA1*01:03,0.20675050994846997,1,0.8115871141930722,0.1653505583464843,0.5867252222400405,1.1229333060062074,-1.2625512141339246,166,5.86%,82,6.46%,84,5.37%
B*44:02,0.2112328533124261,1,1.1793558793186592,0.13195546403356223,0.9114513365436283,1.5294889587078757,1.2501825950375027,298,10.52%,124,9.76%,174,11.13%
C*06:02,0.21699039417778868,1,0.8407466817980294,0.1405062532120281,0.6383514829756156,1.1078325690234534,-1.2345704986123989,246,8.68%,119,9.37%,127,8.12%
DRB1*04:04,0.21823968646842776,1,0.7822177831887784,0.1994944837911882,0.5284404347815533,1.1573657679364915,-1.2312224248775412,109,3.85%,55,4.33%,54,3.45%
DRB1*15:01,0.22433993147348857,1,0.86370245846692,0.12059150178685812,0.6819302562629478,1.094297418231261,-1.215068591837925,377,13.30%,179,14.09%,198,12.66%
A*03:01,0.22988660084977336,1,0.8622754508817022,0.1234168032186422,0.6770487670915131,1.098598622802478,-1.2006510208666252,351,12.39%,167,13.15%,184,11.76%
A*31:01,0.2854488211663988,1,0.7807873494169685,0.23166257008648256,0.49482300793539746,1.2310238620045555,-1.0681589434184815,79,2.79%,40,3.15%,39,2.49%
DPB1*04:02,0.3024318761668978,1,0.871803874770773,0.13303577542218978,0.6717784825915598,1.1320725097939957,-1.0312323447470146,284,10.02%,135,10.63%,149,9.53%
DPB1*03:01,0.30811480286150916,1,1.1515151368553236,0.13842284307400482,0.8788103887973213,1.512720997691233,1.0191857239457047,262,9.24%,110,8.66%,152,9.72%
DPB1*04:01,0.31928555421364707,1,1.1228789456243085,0.1163698340754835,0.8936408620690705,1.410432708819711,0.9959271261380385,992,35.00%,436,34.33%,556,35.55%
A*11:01,0.32044976292764266,1,1.1781348622845496,0.16499944006751385,0.8541730075798116,1.6326138490026023,0.9935340551582028,172,6.07%,71,5.59%,101,6.46%
DQB1*06:03,0.3218575690711354,1,0.8417532273301528,0.17389467779548334,0.5985204270124512,1.1847729437145065,-0.9906478396012303,148,5.22%,72,5.67%,76,4.86%
A*01:01,0.3288561771142909,1,0.8977959203589441,0.11041606348867085,0.7230985844679506,1.1148771594306521,-0.9764203982680182,527,18.60%,245,19.29%,282,18.03%
C*02:02,0.3310390925420615,1,1.2257365533420048,0.20940031818640753,0.8160228187005554,1.8588434890078651,0.9720230279716571,102,3.60%,41,3.23%,61,3.90%
C*05:01,0.37693931274772463,1,1.1225520111352456,0.13084115982515016,0.8693111395668464,1.452382624911875,0.8835497545451474,303,10.69%,129,10.16%,174,11.13%
C*03:03,0.3863880870808906,1,1.158278355706105,0.1696341213204291,0.832205124907142,1.6199621579510637,0.8661861503968261,161,5.68%,67,5.28%,94,6.01%
DQA1*01:01,0.39983683180023416,1,1.1083694727165156,0.12220981370720399,0.8727759716235168,1.409502466265603,0.8419126807352048,368,12.99%,158,12.44%,210,13.43%
DPB1*11:01,0.4093124024084828,1,1.2177418792908032,0.23875555495788955,0.7661127120066517,1.9606130675048807,0.8251042581996939,77,2.72%,31,2.44%,46,2.94%
A*68:01,0.4482957460238851,1,1.2023486443507736,0.24302615075611142,0.7500929093627399,1.952446171845427,0.7582593355435622,74,2.61%,30,2.36%,44,2.81%
DPA1*02:02,0.46645756219785406,1,0.8455655912904069,0.23034453435143576,0.5378976348234489,1.331206708572871,-0.7282549038959332,80,2.82%,39,3.07%,41,2.62%
B*18:01,0.47371857933687844,1,0.8574023623016455,0.21473895731404963,0.5626031106769996,1.3088238003764483,-0.7164418210573168,93,3.28%,45,3.54%,48,3.07%
DPA1*02:01,0.4934124361060065,1,0.9226475291433083,0.11754854780039967,0.7328975534365634,1.1621033276220063,-0.6848914271568162,411,14.50%,190,14.96%,221,14.13%
DRB1*13:01,0.4963329575600326,1,0.8860780850430254,0.17779711467333847,0.6254529399777861,1.2573036438508511,-0.680270882797747,141,4.98%,67,5.28%,74,4.73%
C*04:01,0.502105524462128,1,0.9099044957775129,0.14067099557092244,0.6908334403453593,1.1996928791014798,-0.6711805393193859,246,8.68%,115,9.06%,131,8.38%
A*26:01,0.5123592858118893,1,1.1734325366087126,0.24411010376442352,0.7302511642648203,1.9089705467175087,0.6551684799097812,73,2.58%,30,2.36%,43,2.75%
C*07:01,0.5133872096654835,1,0.9277048986697396,0.11481753563852526,0.7408519125042704,1.162175559045723,-0.653572587789364,447,15.77%,206,16.22%,241,15.41%
DQA1*03:01,0.5371199029710623,1,0.9342271201399449,0.11023745483058892,0.7527362056980602,1.1597588777032402,-0.6171740911834378,532,18.77%,244,19.21%,288,18.41%
C*03:04,0.5390229810455389,1,0.9108230526267191,0.15205597871846852,0.6762998547005038,1.228301363851092,-0.6142911024878503,203,7.16%,95,7.48%,108,6.91%
DRB1*03:01,0.5503245636952618,1,1.0744469744041298,0.12022305576874776,0.8492783665234851,1.360880054273263,0.5972738451440206,386,13.62%,168,13.23%,218,13.94%
DQB1*02:01,0.577347829328432,1,1.0689349610640964,0.11962538858107728,0.8458934257451205,1.3522746845071896,0.5572628859962342,392,13.83%,171,13.46%,221,14.13%
B*40:01,0.5841747602438105,1,0.9088438743570938,0.1746436927184902,0.6456204902750006,1.2817943709660067,-0.5472969189509045,147,5.19%,69,5.43%,78,4.99%
B*44:03,0.6146497351127096,1,1.0861782784928367,0.16419861242643713,0.7883613425980227,1.5020426070728738,0.5034474256028997,172,6.07%,74,5.83%,98,6.27%
DQB1*06:04,0.6319548560579513,1,0.8942626844794999,0.23332158364596806,0.5660032199610395,1.4174146873143125,-0.47897718979974635,78,2.75%,37,2.91%,41,2.62%
C*01:02,0.648526407878898,1,1.1033653764350584,0.21580237594163687,0.7246772595293234,1.6930650266183882,0.4558102845536171,94,3.32%,40,3.15%,54,3.45%
C*12:03,0.6590375850813428,1,0.8998269570849984,0.23921732210036542,0.5630025438842295,1.4432923697436275,-0.44124231106193085,74,2.61%,35,2.76%,39,2.49%
DQA1*05:01,0.6724480593272746,1,1.0471476554733394,0.10896635604662497,0.8458978931881228,1.2968057676429074,0.4227905824477955,571,20.15%,252,19.84%,319,20.40%
DPB1*05:01,0.6766256485598876,1,0.894854480449579,0.2663667918888917,0.5306452432988312,1.515484319569531,-0.41707213130955695,59,2.08%,28,2.20%,31,1.98%
B*15:01,0.6802022794870903,1,1.069785571635246,0.16365923471951688,0.7772095245043387,1.4776451020951622,0.41218711651501533,173,6.10%,75,5.91%,98,6.27%
B*35:01,0.7087048404289844,1,0.9322160605310933,0.18787848078536415,0.6454019973666777,1.3501027457378183,-0.37359609395461846,125,4.41%,58,4.57%,67,4.28%
A*29:02,0.7206337676773555,1,1.069398203870355,0.1876225678803776,0.7416036560960136,1.549810752304415,0.35761190522779734,127,4.48%,55,4.33%,72,4.60%
B*57:01,0.7213508440926322,1,0.9347250815750218,0.18926697239448645,0.645396970712162,1.357519384532413,-0.3566540029457157,123,4.34%,57,4.49%,66,4.22%
B*07:02,0.7347639254351173,1,0.9600704881085025,0.12027489587633139,0.7586374442866111,1.2158785015759144,-0.3387953222143852,382,13.48%,174,13.70%,208,13.30%
DPA1*01:03,0.738051652509298,1,0.9104469809337751,0.2805320356533697,0.5200784305363378,1.5717521527824858,-0.33443457538344123,1363,48.09%,612,48.19%,751,48.02%
C*08:02,0.7422862907466953,1,1.069924692783106,0.2055434044784604,0.7165951299014544,1.6075185221846457,0.3288272157987549,104,3.67%,45,3.54%,59,3.77%
B*51:01,0.7560855246483018,1,1.0681535302105076,0.21225410283442106,0.7061321082812002,1.626694135982324,0.3106252562592216,97,3.42%,42,3.31%,55,3.52%
DQB1*02:02,0.7609486866285997,1,0.9603116188533918,0.13311227712666865,0.7400769624692665,1.247547615613955,-0.30423522979463224,285,10.06%,130,10.24%,155,9.91%
DRB1*07:01,0.766764669906088,1,0.9650349656688519,0.11999260458353057,0.7629869070529851,1.2214934486476123,-0.2966094833042218,385,13.59%,175,13.78%,210,13.43%
DRB1*01:01,0.7757825828050773,1,1.0407816468941875,0.1403416621839465,0.7910832020654337,1.3720175884345,0.28481930302003405,250,8.82%,110,8.66%,140,8.95%
B*14:02,0.7888749515902825,1,0.9358640946181528,0.24754287946952472,0.5764050284697418,1.5273587669149105,-0.2677718351114716,69,2.43%,32,2.52%,37,2.37%
DQB1*05:01,0.8453481191670527,1,1.0250574705733968,0.12687904826432567,0.7997575158195683,1.3155048576224,0.19505726287533273,327,11.54%,145,11.42%,182,11.64%
A*32:01,0.8469646480175949,1,0.9614655177885274,0.20361686151980446,0.6456516754932443,1.4373408246580393,-0.19299274744503328,105,3.71%,48,3.78%,57,3.64%
DQA1*02:01,0.8694645766539802,1,0.9804357496082166,0.12022836191078858,0.774830352046909,1.2416048530153954,-0.16433862501579105,383,13.51%,173,13.62%,210,13.43%
DQB1*03:03,0.9401954123370747,1,1.0132777347569606,0.1758145809662477,0.7187120601428608,1.4335319882563315,0.07502425655552249,146,5.15%,65,5.12%,81,5.18%
B*08:01,0.952067620051447,1,1.0073004809958386,0.12100981318811382,0.7948927871424993,1.2776736938785678,0.06011050909641691,376,13.27%,168,13.23%,208,13.30%
DRB1*11:01,0.956764909025517,1,1.0113253746698259,0.20772837150272067,0.674067475491002,1.5252291108276812,0.054213695845621836,101,3.56%,45,3.54%,56,3.58%
C*16:01,0.9656546152413066,1,0.9917752950149826,0.19180059152670045,0.6817612756545753,1.4484474442707351,-0.043058858225606816,120,4.23%,54,4.25%,66,4.22%
DRB1*13:02,0.9753959236964861,1,0.9938379785327446,0.20041437639062454,0.6718064446611244,1.4767456118646225,-0.030841525377459194,109,3.85%,49,3.86%,60,3.84%
C*07:02,0.9927191494557418,1,1.0010732754173006,0.11755203327775526,0.7952969477464522,1.261065797994893,0.009125319563661007,413,14.57%,185,14.57%,228,14.58%
