aa_pos,residues,df,statistic,p.value,p.adjusted
DPB1_57,"E, D",2,8.7149115299394,0.012810940264215987,1
A_166,"E, D",2,8.603812498553907,0.013542718593359369,1
A_167,"W, G",2,8.603812498553907,0.013542718593359369,1
A_142,"T, I",2,8.220766962360358,0.016401483659844736,1
A_145,"H, R",2,8.220766962360358,0.016401483659844736,1
A_97,"R, I, M",3,9.461372827304558,0.02374585918720902,1
A_95,"V, I, L",3,9.429225780865636,0.024096322009960713,1
DRB1_60,"S, Y",2,7.266993056304045,0.026423631724451106,1
B_158,"A, T",2,6.892147867138192,0.031870516839464354,1
A_107,"W, G",2,6.106259837365769,0.04721092654032729,1
B_114,"N, D, H",3,7.880727395540589,0.04854211059865283,1
B_116,"Y, D, S, L, F",5,11.140066570048475,0.04867252173612692,1
A_65,"R, G",2,6.034818103836415,0.048927823728257304,1
A_99,"Y, F",2,6.034818103836415,0.048927823728257304,1
DQB1_77,"R, T",2,6.030142495098971,0.049042341215906414,1
B_95,"L, I, W",3,7.691329549111288,0.05284090231686491,1
DRB1_71,"R, K, E, A",4,9.352306985185805,0.05287208932948702,1
DQB1_38,"V, A",2,5.7620605292142955,0.056076958956512685,1
A_74,"H, D",2,5.68270796897491,0.058346612050079856,1
DQB1_45,"G, E",2,5.536129729316599,0.0627833816045624,1
A_79,"G, R",2,5.519718422268397,0.06330067976322112,1
A_80,"T, I",2,5.519718422268397,0.06330067976322112,1
A_81,"L, A",2,5.519718422268397,0.06330067976322112,1
A_82,"R, L",2,5.519718422268397,0.06330067976322112,1
A_83,"G, R",2,5.519718422268397,0.06330067976322112,1
DQB1_13,"G, A",2,5.437069620050124,0.0659713442000943,1
DQA1_75,"I, S",2,5.213215370320086,0.07378441967637164,1
A_62,"G, Q, R, E, L",5,9.717168038111595,0.08365748534654059,1
DPB1_8,"V, L",2,4.950365398164422,0.084147615160785,1
DRB1_57,"V, D, S",3,6.571530959283336,0.08688378629906784,1
DQB1_26,"L, Y, G",3,6.320259116838997,0.09702703982789498,1
DRB1_28,"E, D",2,4.653208950641783,0.09762667872525695,1
DPB1_84,"D, G",2,4.635465139288954,0.09849666693061619,1
DRB1_77,"T, N",2,4.425471943184448,0.10940092086765799,1
B_97,"R, S, T, N, W, V",6,10.352753423575223,0.11056142541286354,1
DPB1_9,"Y, F, H",3,5.900167225759105,0.1165696253280474,1
DRB1_38,V,1,2.380060124848569,0.12289281698610627,1
A_9,"F, Y, T, S",4,7.148488339917776,0.1282462937951788,1
A_63,"E, N, Q",3,5.588922329212664,0.13341576407672126,1
DQB1_75,"V, L",2,3.9494315580088823,0.13880075672647565,1
B_70,"N, Q, K, S",4,6.885455785840577,0.14206660034236,1
DPB1_11,"G, L",2,3.8248395056593836,0.14772250183193486,1
DPB1_85,"E, G",2,3.7837024794359877,0.15079239741214417,1
DPB1_86,"A, P",2,3.7837024794359877,0.15079239741214417,1
DPB1_87,"V, M",2,3.7837024794359877,0.15079239741214417,1
DPB1_65,"I, L",2,3.7610784170526586,0.15250785004930867,1
DRB1_30,"L, Y, C",3,5.132553504196494,0.16234429522567045,1
DQA1_34,"Q, E",2,3.63106190781059,0.16275147191572958,1
B_94,"T, I",2,3.586837968549389,0.16639031019784278,1
C_73,"T, A",2,3.5623588329867744,0.1684393698999882,1
DRB1_73,"G, A",2,3.524493405776866,0.1716587640187408,1
C_97,"R, W",2,3.5108431972432754,0.172834360201269,1
B_103,"V, L",2,3.458383650985297,0.17742774462247088,1
DPA1_11,"A, M",2,3.4569840454857967,0.17755195250147834,1
A_76,"V, A, E",3,4.8962310499798605,0.17955523409766266,1
DQB1_56,P,1,1.6062072528284261,0.20502576600510777,1
DQB1_74,"A, E, S",3,4.578656950867753,0.20538066006395142,1
A_77,"D, N, S",3,4.515942531470046,0.2108726505588433,1
DQA1_40,"E, G",2,3.063238693826861,0.21618530470735825,1
DQA1_51,"F, L",2,3.063238693826861,0.21618530470735825,1
A_73,"T, I",2,3.0380955735777206,0.21892024648601086,1
DRB1_13,"Y, H, S, F, R, G",6,8.178593531886918,0.22530896119427768,1
C_114,"D, N",2,2.911322838755268,0.23324603941994754,1
B_74,"Y, D",2,2.9060120649298824,0.23386622094700352,1
DRB1_26,"F, Y, L",3,4.26352984619848,0.23437781296738205,1
DQB1_9,"Y, F, *",3,4.248091113436885,0.23589094165004143,1
B_167,"W, S",2,2.717341449411606,0.2570021766401638,1
B_12,"M, V",2,2.6775473826216967,0.2621669691655073,1
A_56,"G, R",2,2.653078323476848,0.26539416002897737,1
B_143,"S, T",2,2.6528553898035625,0.26542374432526256,1
B_147,"L, W",2,2.6528553898035625,0.26542374432526256,1
DQB1_30,"S, Y, H",3,3.894419903598191,0.2730928823020182,1
A_43,Q,1,1.1894514568900831,0.2754402318529696,1
C_91,"G, R",2,2.541750414060971,0.2805859434939798,1
DQB1_116,"V, *",2,2.4945379868440796,0.2872883127515781,1
DQB1_125,"A, *",2,2.4945379868440796,0.2872883127515781,1
DQB1_126,"Q, *",2,2.4945379868440796,0.2872883127515781,1
DQB1_135,"G, *",2,2.4945379868440796,0.2872883127515781,1
A_17,"R, S",2,2.4764431117744152,0.28989932951058134,1
DRB1_85,"V, A",2,2.4610723414805307,0.29213590095960046,1
DRB1_10,"Q, Y",2,2.4385294177363903,0.295447326875704,1
DRB1_78,"V, Y",2,2.403731933321069,0.30063271758219695,1
A_127,"K, N",2,2.3770493407832873,0.3046704219515668,1
DPA1_83,"T, A",2,2.286567391084418,0.31877055588361053,1
DRB1_32,"Y, H",2,2.2841895786580153,0.319149769558165,1
B_41,"T, A",2,2.2452997527327625,0.3254163380382936,1
A_156,"L, R, W, Q",4,4.571400267976742,0.3341650072989339,1
DQB1_71,"K, T, A, D",4,4.542190015021333,0.33757410784481134,1
DRB1_12,"K, T",2,2.1088499090983532,0.3483927113582285,1
B_67,"S, F, Y, C, M",5,5.544482827412821,0.3530928293810378,1
B_9,"H, Y, D",3,3.204686539932027,0.36113031873351725,1
B_77,"S, N, D",3,3.152942628334131,0.3686402229331883,1
B_80,"N, T, I",3,3.097027820253288,0.37690597952700944,1
DRB1_47,"Y, F",2,1.9402270962691546,0.3790399963752725,1
C_35,"R, Q",2,1.9203322025819034,0.38282929225410117,1
C_77,"S, N",2,1.9155215670600683,0.38375122667829015,1
C_80,"N, K",2,1.9155215670600683,0.38375122667829015,1
C_177,"E, K",2,1.9131007050382323,0.3842160123022575,1
C_138,"T, K",2,1.8933043207546234,0.3880379400996842,1
DRB1_67,"I, L, F",3,2.987911418792919,0.39349275538218687,1
B_11,"A, S",2,1.8615366746923883,0.39425067645188994,1
DQA1_130,"A, S, *",3,2.948569160482066,0.3996229629388099,1
DQB1_87,"L, F, Y, *",4,3.9691214221611517,0.41020094051206946,1
B_113,"H, Y",2,1.709299597896461,0.42543215178466587,1
C_90,"A, D",2,1.66715508057041,0.43449208956130936,1
DQB1_14,"M, L",2,1.6378235500480969,0.440911204114238,1
DQA1_41,"K, R",2,1.5917864679820468,0.45117804731109823,1
DPA1_31,"M, Q",2,1.5743605326338184,0.455126322672375,1
DPA1_50,"Q, R",2,1.5743605326338184,0.455126322672375,1
DRB1_11,"G, V, S, L, P",5,4.649094186235743,0.4601862392039208,1
A_116,"Y, D, H",3,2.5845881436628133,0.46019785287517984,1
DRB1_14,"K, E",2,1.4639478243950634,0.4809586822772142,1
DRB1_25,"Q, R",2,1.4639478243950634,0.4809586822772142,1
B_69,"T, A",2,1.4635931104585325,0.48104399121580776,1
B_71,"T, A",2,1.4635931104585325,0.48104399121580776,1
DQB1_53,"L, Q",2,1.4635705967193644,0.4810494062957593,1
DPB1_76,"V, M",2,1.4623843977039996,0.4813348010871934,1
C_116,"Y, F, S",3,2.336716536525273,0.5055235077970951,1
DQB1_28,"S, T",2,1.3309538337382492,0.5140283204623077,1
DQB1_46,"E, V",2,1.3309538337382492,0.5140283204623077,1
DQB1_47,"F, Y",2,1.3309538337382492,0.5140283204623077,1
DQB1_52,"L, P",2,1.3309538337382492,0.5140283204623077,1
DQA1_54,"F, L",2,1.3275387742721705,0.5149067888951631,1
DQA1_18,"F, S",2,1.3063594450554774,0.5203884523563941,1
DQA1_45,"A, V",2,1.3063594450554774,0.5203884523563941,1
DQA1_48,"W, L",2,1.3063594450554774,0.5203884523563941,1
DQA1_55,"G, R",2,1.3063594450554774,0.5203884523563941,1
DQA1_61,"G, F",2,1.3063594450554774,0.5203884523563941,1
DQA1_64,"R, T",2,1.3063594450554774,0.5203884523563941,1
DQA1_66,"M, I",2,1.3063594450554774,0.5203884523563941,1
DQA1_80,"Y, S",2,1.3063594450554774,0.5203884523563941,1
A_161,"E, D",2,1.3060634151643171,0.5204654833255768,1
A_44,"R, K",2,1.3059067637159387,0.5205062507580223,1
A_67,"V, M",2,1.3059067637159387,0.5205062507580223,1
A_150,"A, V",2,1.3059067637159387,0.5205062507580223,1
A_158,"A, V",2,1.3059067637159387,0.5205062507580223,1
B_82,"R, L",2,1.2373623680086894,0.5386543553462961,1
B_83,"G, R",2,1.2373623680086894,0.5386543553462961,1
DQA1_11,"C, Y",2,1.2004267693218935,0.5486945406027701,1
DRB1_9,"W, E",2,1.1817854637345135,0.5538326399279769,1
DQB1_84,"Q, E, *",3,2.0900525186432333,0.5539278265846789,1
DQB1_85,"L, V, *",3,2.0900525186432333,0.5539278265846789,1
DQB1_89,"T, G, *",3,2.0900525186432333,0.5539278265846789,1
DQB1_90,"T, I, *",3,2.0900525186432333,0.5539278265846789,1
DQA1_207,"V, *, M",3,2.07426395722905,0.5571368608922886,1
DRB1_16,"H, Y",2,1.1622167296366115,0.5592781386969428,1
A_66,"K, N",2,1.1501952243279447,0.5626499446477102,1
B_152,"V, E",2,1.1022814905090854,0.5762920328718021,1
B_45,"K, T, E, M",4,2.8526369041003363,0.5827812462760659,1
B_62,"R, G",2,1.0628294660748452,0.5877728395415484,1
A_114,"H, R, Q, E",4,2.7789569113774633,0.595470557570868,1
DRB1_70,"D, Q, R",3,1.8736280592722778,0.5990451711612294,1
C_16,"G, S",2,1.0162268889180268,0.6016295163555742,1
B_65,"Q, R",2,0.9990984362821109,0.6068041343650007,1
B_66,"I, N",2,0.9990984362821109,0.6068041343650007,1
C_66,"K, N",2,0.9983913927053436,0.6070186907707276,1
DRB1_74,"Q, A, R, E, L",5,3.4833295790267584,0.6259115630868441,1
DQA1_26,"T, S",2,0.8526606457387516,0.6529006384843934,1
DQB1_70,"R, G, E",3,1.6250833966930713,0.6537157962146873,1
DQA1_50,"E, L, V",3,1.6147578212514873,0.656048231524905,1
DQA1_53,"K, R, Q",3,1.6147578212514873,0.656048231524905,1
DQB1_37,"I, Y",2,0.8010186454189352,0.6699787237425581,1
DRB1_33,"N, H",2,0.7917102807557512,0.6731041944946787,1
DQB1_86,"E, A, *, G",4,2.262626369172267,0.6875815239027776,1
A_70,"H, Q",2,0.7370739079158284,0.6917456463862846,1
DRB1_86,"G, V",2,0.7080650519797018,0.7018521385485961,1
DQA1_218,"Q, *",2,0.6824153522288725,0.7109112535879176,1
B_178,"K, T",2,0.6749588895329452,0.7135666420847216,1
B_46,"E, A",2,0.6487345017146708,0.7229846768758247,1
DQA1_56,"G, R, .",3,1.2952603273029126,0.7302588651622264,1
DQA1_76,"M, V, L",3,1.2952603273029126,0.7302588651622264,1
C_21,"H, R",2,0.6076565847704387,0.7379875736579943,1
B_32,"L, Q",2,0.5918476715235101,0.7438440801804579,1
C_24,"A, S",2,0.5737556723872785,0.750603419807126,1
A_151,"H, R",2,0.5472784390526613,0.760606437716473,1
DPB1_56,"A, E",2,0.5274422801201126,0.7681877265745407,1
DQA1_69,"A, L, T",3,1.1167323145600676,0.7730364490297479,1
C_14,"R, W",2,0.5117783612226958,0.7742277634857297,1
C_49,"A, E",2,0.5117783612226958,0.7742277634857297,1
B_163,"E, L, T",3,1.0642066641792098,0.7857209946010245,1
DQB1_55,"L, P, R",3,1.0313348102781674,0.7936704609576776,1
DQA1_47,"R, Q, K, C",4,1.6675187007485874,0.7966090871608922,1
DPB1_33,"E, Q",2,0.4449105604767283,0.8005508063909863,1
A_149,"A, T",2,0.4335588130022643,0.8051075512092608,1
B_63,"E, N",2,0.40758606024087385,0.8156311648030401,1
DQA1_175,"Q, E, *",3,0.9390507572777551,0.81599518076833,1
C_9,"Y, D, F, S",4,1.5372790745736893,0.8200180643716217,1
B_30,"D, G",2,0.38731714262212336,0.823939172720792,1
DQA1_52,"S, R, H",3,0.8845294826414829,0.8291595048792886,1
DQA1_25,"F, Y",2,0.37048623056057295,0.8309022542604451,1
C_147,"W, L",2,0.36012075011058187,0.8352197834483861,1
DPB1_205,"*, V",1,0.040105438777573,0.8412745669089834,1
C_163,"L, T, E",3,0.8056012501215264,0.8481268244522148,1
C_152,"E, A",2,0.3241236923006454,0.8503886096520689,1
C_156,"L, W, R, Q",4,1.3555645189369443,0.8518801579060554,1
DRB1_31,"F, I",2,0.31724202879922814,0.8533196935720717,1
C_95,"I, L",2,0.2984939990960811,0.8613563339964477,1
DPB1_69,"K, E, R",3,0.7368430744029411,0.8645057470387723,1
DQA1_129,"H, Q, *",3,0.7260551717984072,0.867059066105874,1
C_6,"R, K",2,0.25442133767955966,0.8805481489989027,1
DRB1_37,"F, Y, N, S",4,1.1778587754329237,0.8817303993799694,1
B_109,L,1,0.021671511675776856,0.8829643172535757,1
DQB1_57,"A, D, V",3,0.6387766540740358,0.8875007471152243,1
A_144,"K, Q",2,0.19169262121999964,0.9086036480788773,1
C_94,"I, T",2,0.18913649212254313,0.9097656445854305,1
B_156,"L, D, W, R",4,0.9992973019179772,0.9099025228267209,1
A_105,"S, P",2,0.1837956312640472,0.912198357195426,1
DQB1_66,"D, E",2,0.17807049379371165,0.9148133286751509,1
DQB1_67,"I, V",2,0.17807049379371165,0.9148133286751509,1
A_109,L,1,0.010229019851522025,0.9194404232534709,1
B_177,"D, E",2,0.16781248879851773,0.9195174619659585,1
B_180,"E, Q",2,0.16781248879851773,0.9195174619659585,1
A_152,"V, A, E",3,0.4785534039292543,0.9235772305799756,1
DPB1_55,"A, D, E",3,0.4510049347477434,0.9295157490507018,1
A_90,"A, D",2,0.1186634520561256,0.9423941006479478,1
DPB1_36,"A, V",2,0.11406804640569135,0.9445619317976091,1
C_103,"V, L",2,0.11059491452238035,0.946203650942357,1
C_173,"K, E",2,0.11059491452238035,0.946203650942357,1
B_24,"T, S, A",3,0.35614612974654847,0.9491449559525544,1
DRB1_58,"A, E",2,0.09080180095338619,0.9556142988011778,1
DPB1_35,"Y, F, L",3,0.31527326475270456,0.9571308594021842,1
B_131,"R, S",2,0.08702789136305,0.9574192021345872,1
C_99,"Y, C, F, S",4,0.6267097012400882,0.9600498849394873,1
A_163,"T, R",2,0.07812614605813906,0.9616900505289127,1
B_171,"Y, H",2,0.06398206628591652,0.9685152665781993,1
B_81,"L, A",2,0.05806109383593139,0.9713867911407709,1
C_11,"A, S",2,0.046019776810680924,0.977252820253492,1
B_-16,*,0,0,1,1
B_-11,*,0,0,1,1
B_-8,*,0,0,1,1
B_199,*,0,0,1,1
B_282,*,0,0,1,1
B_306,*,0,0,1,1
B_326,*,0,0,1,1
DPB1_96,*,0,0,1,1
DPB1_170,*,0,0,1,1
A_12,V,NA,NA,NA,NA
A_102,D,NA,NA,NA,NA
A_171,Y,NA,NA,NA,NA
B_4,S,NA,NA,NA,NA
B_99,Y,NA,NA,NA,NA
B_145,R,NA,NA,NA,NA
C_113,Y,NA,NA,NA,NA
C_143,T,NA,NA,NA,NA
C_170,R,NA,NA,NA,NA
DPA1_28,E,NA,NA,NA,NA
DRB1_40,F,NA,NA,NA,NA
